file,doc_class,pages,sheet_mm,text_layer,bytes
370-009-MAJ-62-ZZ-DR-E-001 P05 MAIN LV SCHEMATICS.pdf,cu_chart,1,841x594,yes,1040679
370-009-MAJ-62-ZZ-DR-E-001 P07 MAIN LV SCHEMATICS[6].pdf,cu_chart,1,841x594,yes,1071330
Broomfield House - Circuit Charts.pdf,cu_chart,32,210x297,yes,447374
CU Schedules (P02).pdf,cu_chart,116,297x210,yes,1519683
DUN-RYB-XX-XX-SP-E-61002 - Apt Consumer Unit.pdf,cu_chart,5,210x297,yes,396694
DUN-RYB-XX-XX-SP-E-61002 CU Circuit Chart.pdf,cu_chart,5,210x297,yes,400717
SLD-CONSUMER UNIT FOR REVIT NEW-Layout1 (004).pdf,cu_chart,1,210x297,yes,103371
06. Electrical Specification.pdf,db_schedule,64,210x297,yes,621523
114026-NPS-Z1-DR-E-6003_A3 Electrical Services IndicativeLayout C1-Apartment Type 1.pdf,db_schedule,1,841x594,yes,344885
114026-NPS-Z1-DR-E-6004_A3 Electrical Services IndicativeLayout C1-Apartment Type 2.pdf,db_schedule,1,841x594,yes,370062
114026-NPS-Z1-DR-E-6005_A3 Electrical Services IndicativeLayout C1-Apartment Type 3.pdf,db_schedule,1,841x594,yes,348054
114026-NPS-Z1-DR-E-6006_A3 Electrical Services IndicativeLayout C1-Apartment Type 4.pdf,db_schedule,1,841x594,yes,382529
114026-NPS-Z1-DR-E-6007_A3 Electrical Services IndicativeLayout C1-Apartment Type 5.pdf,db_schedule,1,841x594,yes,353077
114026-NPS-Z1-DR-E-6008_A3 Electrical Services IndicativeLayout C1-Apartment Type 6.pdf,db_schedule,1,841x594,yes,370685
114026-NPS-Z1-DR-E-6009_A3 Electrical Services IndicativeLayout C1-Apartment Type 7.pdf,db_schedule,1,841x594,yes,352619
2425.009.E12 - Clubhouse Distribution Schematic.pdf,db_schedule,1,594x841,yes,201617
2429-SGL-V1-XX-DR-E-1002-(P1) - Proposed LV Schematics Sheet2 of 2.pdf,db_schedule,1,841x594,yes,162524
250405-GG-XX-XX-SC-E-2000-P01 LV Schematic.pdf,db_schedule,1,841x1189,yes,1034892
25057-RC-XX-XX-SH-E-00001 - Distribution Board Schedules - REV C02.pdf,db_schedule,13,210x297,yes,624533
25057-RC-XX-XX-SH-E-00001 - Distribution Board Schedules - Rev C03 (002).pdf,db_schedule,13,210x297,yes,616477
260346-SJD-XX-XX-SC-E-1000-P6 Low Voltage Schematic.pdf,db_schedule,1,841x1189,yes,1483707
260346-SJD-XX-ZZ-DR-E-8000-P1 Typical Room Types (002).pdf,db_schedule,1,841x1189,yes,2971021
6997-A10-XX-XX-SC-E-60-01-P01.pdf,db_schedule,1,841x1189,yes,239721
BC250847 E15 - Distribution.pdf,db_schedule,1,841x594,yes,634051
C056-BBK-XX-ZZZZ-S-E-4101-LV Electrical Schematic (4) (003).pdf,db_schedule,1,841x1189,yes,425502
C056-BBK-XX-ZZZZ-S-E-4101-LV Electrical Schematic (4).pdf,db_schedule,1,841x1189,yes,300244
C056-BBK-XX-ZZZZ-S-E-4101.pdf,db_schedule,1,841x1189,yes,320141
DB C Comms Rev C1.pdf,db_schedule,1,297x210,yes,314633
DB EVC Electric Vehicle Charging Rev C1.pdf,db_schedule,1,297x210,yes,312802
DB EXT External Services Rev C1.pdf,db_schedule,3,297x210,yes,335995
DB K Kitchen Rev C1.pdf,db_schedule,11,297x210,yes,461918
DB L Laundry Rev C1.pdf,db_schedule,3,297x210,yes,335117
DB LL FF C1 Rev C1.pdf,db_schedule,4,297x210,yes,346014
DB LL FF C2 Rev C1.pdf,db_schedule,4,297x210,yes,349967
DB LL FF C3 Rev C1.pdf,db_schedule,3,297x210,yes,338461
DB LL GF C1 Rev C1.pdf,db_schedule,12,297x210,yes,460156
DB LL GF C2 Rev C1.pdf,db_schedule,4,297x210,yes,350986
DB LL GF C3 Rev C1.pdf,db_schedule,3,297x210,yes,342257
DB LL SF C1 Rev C1.pdf,db_schedule,3,297x210,yes,336786
DB LL SF C2 Rev C1.pdf,db_schedule,4,297x210,yes,346930
DB PL Plantroom Rev C1.pdf,db_schedule,1,297x210,yes,317154
DB Schedule 20260205 E2-B1-DB-KIT.pdf,db_schedule,2,297x420,yes,170870
DB Schedule 20260205 E2-GF-DB-KIT.pdf,db_schedule,1,297x420,yes,163089
DB Schedule 20260420 G1-05-DB-LL.pdf,db_schedule,2,251x325,yes,174545
DB Schedule 20260420 G1-GF-DB-LL.pdf,db_schedule,2,251x325,yes,176719
DB Schedule 20260420 G2-05-DB-LL.pdf,db_schedule,2,251x325,yes,174708
DB Schedule 20260420 G2-GF-DB-LL.pdf,db_schedule,2,251x325,yes,181349
DB Schedule 20260420 G3-05-DB-LL.pdf,db_schedule,2,251x325,yes,178621
DB Schedule 20260420 G3-GF-DB-LL.pdf,db_schedule,2,251x325,yes,180167
DB Schedule 20260420 G4-05-DB-LL.pdf,db_schedule,2,251x325,yes,170818
DB Schedule 20260420 G4-GF-DB-LL.pdf,db_schedule,2,251x325,yes,177424
DB Schedules (P02).pdf,db_schedule,54,297x210,yes,888752
DB Schedules - Main house & Flats.pdf,db_schedule,13,420x297,yes,1048215
DBs with devices for Ben - DO NOT ISSUE TO 4p. P02 (002).pdf,db_schedule,70,297x210,yes,993948
DBs with devices for Ben - DO NOT ISSUE TO 4p. P02.pdf,db_schedule,70,297x210,yes,983762
DUN-RYB-XX-XX-SH-E-61001 DB Schedule.pdf,db_schedule,18,210x297,yes,949202
EPO Circuitry mark up.pdf,db_schedule,9,210x297,yes,178756
Electrical and ICT Services Schedule of Electrical Plant and Equipment #U00d4#U00c7#U00f4 MCB Distribution Boards.pdf,db_schedule,32,210x297,yes,1377985
Example of what i do with the electrical documents  during Quoting process/Project ASHFIELD SCHOOL/info/EPO Circuitry mark up.pdf,db_schedule,9,210x297,yes,224274
Example of what i do with the electrical documents  during Quoting process/Project ASHFIELD SCHOOL/info/SRP1053-BMD-ZZ-ZZ-T-E-6858-Schedule No 11 Distribution Boards (3).pdf,db_schedule,77,210x297,yes,306709
Example of what i do with the electrical documents  during Quoting process/Project South Stand/info/rev2/2425.009.E12 - Clubhouse Distribution Schematic.pdf,db_schedule,1,594x841,yes,201617
Guernsey DB Schedule.pdf,db_schedule,177,210x297,yes,11189413
Guernsey Report 05-05-26 (002).pdf,db_schedule,51,210x297,yes,4690821
Guernsey Report 05-05-26 rev 2.pdf,db_schedule,49,210x297,yes,4444775
Guernsey Report 05-05-26.pdf,db_schedule,51,210x297,yes,4640896
IVTW-SVM-ZZ-XX-SH-E-0051 (ASHP) (1).pdf,db_schedule,294,216x279,yes,3254663
KFH-QRL-BA-XX-DR-E-0508 (002).pdf,db_schedule,1,235x267,yes,2278795
KFH-QRL-BA-XX-SH-E-5001 (003).pdf,db_schedule,413,210x297,yes,14514538
KFH-QRL-BA-XX-SH-E-5001.pdf,db_schedule,413,210x297,yes,14528421
SRP1024-BMD-ZZ-XX-SH-E-4857- C05 Distrubtion Board Schedule No.11 _.pdf,db_schedule,51,210x297,yes,841945
SRP1053-BMD-ZZ-ZZ-T-E-6858-Schedule No 11 Distribution Boards (3).pdf,db_schedule,77,210x297,yes,872849
Switchboard Schedules (P02).pdf,db_schedule,5,297x210,yes,388275
The Angel Cardiff DB Schedules 2023.07.26.pdf,db_schedule,51,210x297,yes,972659
"The Angel, Cardiff DB Schedules 2023.07.26.pdf",db_schedule,51,210x297,yes,779519
W702-OCO03-CD-ZZ-SH-E-675-001 Electrical Core D LV Schematic.pdf,db_schedule,1,841x1189,yes,511723
W702-OCO03-CE-ZZ-SH-E-675-002 Electrical Core E LV Schematic.pdf,db_schedule,1,841x1189,yes,513518
W702-OCO03-CF-ZZ-SH-E-675-003 Electrical Core F LV Schematic.pdf,db_schedule,1,841x1189,yes,519528
W702-OCO03-SW-ZZ-SH-E-675-005 Electrical Sitewide Main LV and Life Safety Secondary Services Schematic (002).pdf,db_schedule,1,841x594,yes,524273
W702-OCO03-ZZ-ZZ-SH-E-005-0007 Elec LV Schematic G.pdf,db_schedule,1,841x1189,yes,599350
W702-O_1.PDF,db_schedule,32,210x297,yes,1838914
rev3 panel fuse now 160A not 32A.pdf,db_schedule,1,841x1189,yes,1523599
rev5   -847-RME-XX-ZZ-DR-E-0900 MAIN LV DISTRIBUTION SCHEMATIC (A0)-C5.pdf,db_schedule,1,841x1189,yes,1396997
Electrical and ICT Services Schedule of Electrical Plant and Equipment #U00d4#U00c7#U00f4 MCCB Schedule.pdf,mccb_sched,19,210x297,yes,687447
W702-OCO03-XX-XX-SC-E-675-008_Electrical and ICT Services Schedule of Electrical Plant and Equipment #U2013 MCCB Schedule_S5 - For Construction_C01.pdf,mccb_sched,19,210x297,yes,837814
10. Electrical Specification - Appendix 5 - ConsumerUnit.png,non-pdf,,,,15490
Example of what i do with the electrical documents  during Quoting process/Goal.docx,non-pdf,,,,184467
Example of what i do with the electrical documents  during Quoting process/Project ASHFIELD SCHOOL/info/Pricing - Ashfield School Swmming Pool Lighting_v26.2 excl emergency pack.pdf,non-pdf,,,no,0
Example of what i do with the electrical documents  during Quoting process/Project South Stand/info/original/Request for quotation.xlsx,non-pdf,,,,17086
Pricing - Ashfield School Swmming Pool Lighting_v26.2 excl emergency pack.pdf,non-pdf,,,no,0
23089-RHB-AA-ZZZ-SC-E-41601_Equipment_System_Schedules_for_the_Electrical_Services.pdf,other,20,216x279,yes,1466237
26010-LJJ-XX-XX-SH-E-2002 - Distribution Board Schedule.pdf,other,146,210x297,yes,7611818
3052-JCP-XX-XX-6--E001_P4 LV Schematic-A1.pdf,other,1,841x594,yes,303361
3052-JCP-XX-XX-6--E001_P5 LV Schematic.pdf,other,1,841x594,yes,319621
DB SCHEDULE (002).pdf,other,84,216x279,yes,8239021
DB SCHEDULE.pdf,other,84,216x279,yes,8106754
SWITCHBOARD SCHEDULE.pdf,other,15,216x279,yes,1266960
114026-NPS-Z2-00-DR-E-6902_A3 External Services LayoutC1.pdf,quote,1,841x594,yes,675737
205987740- ENERGY FORCE VEHICLE DEALERSHIP-ts- Energy Force- EDMUNDSON ELECTRICAL- Contractor.PDF,quote,3,210x297,yes,36923
205987740- ENERGY FORCE VEHICLE DEALERSHIP-ts- Energy Force- EDMUNDSON ELECTRICAL- Stockist.PDF,quote,3,210x297,yes,36705
205988411- ENERGY FORCE VEHICLE DEALERSHIP- ts- K Binks- REXEL UK- Contractor.PDF,quote,3,210x297,yes,39353
205988411- ENERGY FORCE VEHICLE DEALERSHIP- ts- K Binks- REXEL UK- Stockist.PDF,quote,3,210x297,yes,24472
Example of what i do with the electrical documents  during Quoting process/Project South Stand/quote produced/205696330- SOUTH STAND STHELENS REDEVELOPMENT-  Saba Consult- No Stockist- Contractor.PDF,quote,4,210x297,yes,53292
Example of what i do with the electrical documents  during Quoting process/Project South Stand/quote produced/205696330- SOUTH STAND STHELENS REDEVELOPMENT-  Saba Consult- No Stockist- Stockist.PDF,quote,4,210x297,yes,53148
Example of what i do with the electrical documents  during Quoting process/Project South Stand/quote produced/205696330-rev1 SOUTH STAND STHELENS REDEVELOPMENT-  Saba Consult- No Stockist- Contractor.PDF,quote,4,210x297,yes,58423
Example of what i do with the electrical documents  during Quoting process/Project South Stand/quote produced/205696330-rev1 SOUTH STAND STHELENS REDEVELOPMENT-  Saba Consult- No Stockist- Stockist.PDF,quote,4,210x297,yes,58242
Example of what i do with the electrical documents  during Quoting process/Project South Stand/quote produced/205696330-rev2 SOUTH STAND STHELENS REDEVELOPMENT-  Saba Consult- No Stockist- Contractor.PDF,quote,5,210x297,yes,67089
Example of what i do with the electrical documents  during Quoting process/Project South Stand/quote produced/205696330-rev2 SOUTH STAND STHELENS REDEVELOPMENT-  Saba Consult- No Stockist- Stockist.PDF,quote,5,210x297,yes,66846
Example of what i do with the electrical documents  during Quoting process/Project South Stand/quote produced/205696330-rev3 SOUTH STAND STHELENS REDEVELOPMENT-  Saba Consult- No Stockist- Contractor.PDF,quote,4,210x297,yes,55552
Example of what i do with the electrical documents  during Quoting process/Project South Stand/quote produced/205696330-rev3 SOUTH STAND STHELENS REDEVELOPMENT-  Saba Consult- No Stockist- Stockist.PDF,quote,4,210x297,yes,55316
Example of what i do with the electrical documents  during Quoting process/Project South Stand/quote produced/205696330-rev4 SOUTH STAND STHELENS REDEVELOPMENT-  Saba Consult- No Stockist- Contractor.PDF,quote,5,210x297,yes,65068
Example of what i do with the electrical documents  during Quoting process/Project South Stand/quote produced/205696330-rev4 SOUTH STAND STHELENS REDEVELOPMENT-  Saba Consult- No Stockist- Stockist.PDF,quote,5,210x297,yes,64796
Example of what i do with the electrical documents  during Quoting process/Project South Stand/quote produced/205696330-rev5 SOUTH STAND STHELENS REDEVELOPMENT-SUB DB-  Saba Consult- No Stockist- Contractor.PDF,quote,4,210x297,yes,57027
Example of what i do with the electrical documents  during Quoting process/Project South Stand/quote produced/205696330-rev5 SOUTH STAND STHELENS REDEVELOPMENT-SUB DB-  Saba Consult- No Stockist- Stockist.PDF,quote,4,210x297,yes,56735
Example of what i do with the electrical documents  during Quoting process/Project South Stand/quote produced/205696330-rev6 SOUTH STAND STHELENS REDEVELOPMENT-SUB DB-  Saba Consult- No Stockist- Contractor.PDF,quote,4,210x297,yes,56587
Example of what i do with the electrical documents  during Quoting process/Project South Stand/quote produced/205696330-rev6 SOUTH STAND STHELENS REDEVELOPMENT-SUB DB-  Saba Consult- No Stockist- Stockist.PDF,quote,4,210x297,yes,56294
Estimating_20260128_144453 (006).pdf,scan/unknown,5,210x297,no,992394
Estimating_20260415_122946.pdf,scan/unknown,1,210x297,no,80779
LV schematic.pdf,scan/unknown,1,210x297,no,388273
LV schematic2.pdf,scan/unknown,1,210x297,no,325596
LV schematic3.pdf,scan/unknown,1,210x297,no,284425
LV schematic4.pdf,scan/unknown,1,210x297,no,176323
SKM_C551i26061514050.pdf,scan/unknown,1,210x297,no,51390
doc08967220251013144029.pdf,scan/unknown,6,297x210,no,2318597
114026-NPS-Z1-00-DR-E-6001_A3 Indicative LV DistributionSchematic C1.pdf,schematic,1,841x594,yes,305745
2429-SGL-V1-XX-DR-E-1001-(P1) - Proposed LV Schematics Sheet1 of 2.pdf,schematic,1,841x594,yes,199637
6912-CBC-XX-ZZ-DR-E-661002.pdf,schematic,1,594x841,yes,192366
6912-CBC-XX-ZZ-DR-E-661003.pdf,schematic,1,594x841,yes,199132
BC250847 E13 - Distribution.pdf,schematic,1,841x594,yes,628835
DBG 2023.09.11.pdf,schematic,2,210x297,yes,398577
DBK 2023.09.11.pdf,schematic,2,210x297,yes,399932
DUN-RYB-XX-XX-DR-E-60001 LV Schematic.pdf,schematic,1,594x841,yes,277752
E02 Dist Schem Rev P02.pdf,schematic,1,594x841,yes,687080
Example of what i do with the electrical documents  during Quoting process/Project ASHFIELD SCHOOL/Quote produced/205996754- ASHFIELD SCHOOL - TS- BAM Construction Ltd- No Stockist- Contractor.PDF,schematic,17,210x297,yes,216193
Example of what i do with the electrical documents  during Quoting process/Project ASHFIELD SCHOOL/info/SRP1053-BMD-ZZ-ZZ-T-E-6852-Schedule No 4 Composite Distribution Boards.pdf,schematic,4,216x279,yes,100345
Example of what i do with the electrical documents  during Quoting process/Project ASHFIELD SCHOOL/info/SRP1053-BMD-ZZ-ZZ-T-E-6855-Schedule no 7 - metering and BMS connection points schedule.pdf,schematic,5,210x297,yes,257637
Example of what i do with the electrical documents  during Quoting process/Project South Stand/info/original/E02 Dist Schem Rev P02.pdf,schematic,1,594x841,yes,694279
Example of what i do with the electrical documents  during Quoting process/Project South Stand/info/rev4/E02 Dist Schem Rev P02.pdf,schematic,1,594x841,yes,687080
KFH-QRL-BA-XX-SCH-E-5305.pdf,schematic,1,1189x841,yes,288836
P17856 E-(60)101 C WIP (002).pdf,schematic,1,841x1189,yes,189491
SRP1053-BMD-01-ZZ-D-E-4801-LV Schematic Block NB1 and NB2 (With Cable Sizes).pdf,schematic,1,841x1189,yes,555997
SRP1053-BMD-03-ZZ-D-E-4802-LV Schematic  NB03 (With Cable Sizes).pdf,schematic,1,841x1189,yes,514187
SRP1053-BMD-ZZ-ZZ-T-E-6852-Schedule No 4 Composite Distribution Boards.pdf,schematic,4,216x279,yes,100345
SRP1053-BMD-ZZ-ZZ-T-E-6855-Schedule no 7 - metering and BMS connection points schedule.pdf,schematic,5,210x297,yes,257637
rev2  panel.pdf,schematic,1,841x1189,yes,1441753
Protective Device Settings (P02).pdf,settings,121,210x297,yes,1597776
114026-NPS-XX-XX-T-E-0001-A3-C01_ElectricalSpecification.pdf,spec,52,210x297,yes,590239
114026-NPS-Z1-00-DR-E-6000_A3 Typical Consumer Unit LayoutsC1.pdf,spec,1,841x594,yes,245272
Example of what i do with the electrical documents  during Quoting process/Project South Stand/info/original/2425-009 SP-E01 Rev 0 St Helens.pdf,spec,49,210x297,yes,632615
W702-OCO03-XX-XX-SPC-E-675-010_Electrical Services#U2019 Specification Electrical Specification Section B_ Systems Description #U2013 Electrical Services_S5 - .pdf,spec,133,210x297,yes,1510223
